title,url,description,document_type,category,subcategory,slug,file_name,source_line_number
Archive a threshold notification,https://docs.metronome.com/api-reference/alerts/archive-a-threshold-notification.md,Permanently disable a threshold notification and remove it from active monitoring across all customers. Archived threshold notifications stop evaluating immediately and can optionally release their uniqueness key for reuse in future threshold notification configurations.,api_reference,alerts,,archive-a-threshold-notification,archive-a-threshold-notification.md,5
Create a threshold notification,https://docs.metronome.com/api-reference/alerts/create-a-threshold-notification.md,"Create a new threshold notification to monitor customer spending, balances, and billing metrics in real-time. Metronome's notification system provides industry-leading speed with immediate evaluation capabilities, enabling you to proactively manage customer accounts and prevent revenue leakage.",api_reference,alerts,,create-a-threshold-notification,create-a-threshold-notification.md,6
Get a threshold notification,https://docs.metronome.com/api-reference/alerts/get-a-threshold-notification.md,"Retrieve the real-time evaluation status for a specific threshold notification-customer pair. This endpoint provides instant visibility into whether a customer has triggered a threshold notification condition, enabling you to monitor account health and take proactive action based on current threshol…",api_reference,alerts,,get-a-threshold-notification,get-a-threshold-notification.md,7
Get all threshold notifications,https://docs.metronome.com/api-reference/alerts/get-all-threshold-notifications.md,Retrieve all threshold notification configurations and their current statuses for a specific customer in a single API call. This endpoint provides a comprehensive view of all threshold notification monitoring a customer account.,api_reference,alerts,,get-all-threshold-notifications,get-all-threshold-notifications.md,8
Reset a threshold notification,https://docs.metronome.com/api-reference/alerts/reset-a-threshold-notification.md,"Force an immediate re-evaluation of a specific threshold notification for a customer, clearing any previous state and triggering a fresh assessment against current thresholds. This endpoint ensures threshold notification accuracy after configuration changes or data corrections.",api_reference,alerts,,reset-a-threshold-notification,reset-a-threshold-notification.md,9
API quickstart,https://docs.metronome.com/api-reference/api-quickstart.md,Get connected to Metronome's API and make your first call in minutes.,api_reference,,,api-quickstart,api-quickstart.md,10
API Authentication,https://docs.metronome.com/api-reference/authentication.md,,api_reference,,,authentication,authentication.md,11
Archive a billable metric,https://docs.metronome.com/api-reference/billable-metrics/archive-a-billable-metric.md,"Use this endpoint to retire billable metrics that are no longer used. After a billable metric is archived, that billable metric can no longer be used in any new Products to define how that product should be metered. If you archive a billable metric that is already associated with a Product, the Prod…",api_reference,billable-metrics,,archive-a-billable-metric,archive-a-billable-metric.md,12
Create a billable metric,https://docs.metronome.com/api-reference/billable-metrics/create-a-billable-metric.md,Create billable metrics programmatically with this endpoint—an essential step in configuring your pricing and packaging in Metronome.,api_reference,billable-metrics,,create-a-billable-metric,create-a-billable-metric.md,13
Get a billable metric,https://docs.metronome.com/api-reference/billable-metrics/get-a-billable-metric.md,"Retrieves the complete configuration for a specific billable metric by its ID. Use this to review billable metric setup before associating it with products. Returns the metric's `name`, `event_type_filter`, `property_filters`, `aggregation_type`, `aggregation_key`, `group_keys`, `custom fields`, and…",api_reference,billable-metrics,,get-a-billable-metric,get-a-billable-metric.md,14
Get billable metrics for a customer,https://docs.metronome.com/api-reference/billable-metrics/get-billable-metrics-for-a-customer.md,Get all billable metrics available for a specific customer. Supports pagination and filtering by current plan status or archived metrics. Use this endpoint to see which metrics are being tracked for billing calculations for a given customer.,api_reference,billable-metrics,,get-billable-metrics-for-a-customer,get-billable-metrics-for-a-customer.md,15
List all billable metrics,https://docs.metronome.com/api-reference/billable-metrics/list-all-billable-metrics.md,"Retrieves all billable metrics with their complete configurations. Use this for programmatic discovery and management of billable metrics, such as associating metrics to products and auditing for orphaned or archived metrics.  Important: Archived metrics are excluded by default; use `include_archive…",api_reference,billable-metrics,,list-all-billable-metrics,list-all-billable-metrics.md,16
Update a billable metric,https://docs.metronome.com/api-reference/billable-metrics/update-a-billable-metric.md,Updates only the display name of an existing billable metric. Use this to correct mistakes or apply standardized naming conventions across all billable metrics. Returns the billable metric ID to confirm the update.,api_reference,billable-metrics,,update-a-billable-metric,update-a-billable-metric.md,17
Amend a contract,https://docs.metronome.com/api-reference/contracts/amend-a-contract.md,Amendments will be replaced by Contract editing. New clients should implement using the `editContract` endpoint. Read more about the migration to contract editing [here](/guides/implement-metronome/migrate-amendments-to-edits/) and reach out to your Metronome representative for more details. Once co…,api_reference,contracts,,amend-a-contract,amend-a-contract.md,18
Archive a contract,https://docs.metronome.com/api-reference/contracts/archive-a-contract.md,"Permanently end and archive a contract along with all its terms. Any draft invoices will be canceled, and all upcoming scheduled invoices will be voided–also all finalized invoices can optionally be voided. Use this in the event a contract was incorrectly created and needed to be removed from a cust…",api_reference,contracts,,archive-a-contract,archive-a-contract.md,19
Create a contract,https://docs.metronome.com/api-reference/contracts/create-a-contract.md,"Contracts define a customer's products, pricing, discounts, access duration, and billing configuration. Contracts serve as the central billing agreement for both PLG and Enterprise customers. You can automatically grant customers access to your products and services directly from your product or CRM…",api_reference,contracts,,create-a-contract,create-a-contract.md,20
Create a package,https://docs.metronome.com/api-reference/contracts/create-a-package.md,"Create a package that defines a set of reusable, time-relative contract terms that can be used across cohorts of customers. Packages provide an abstraction layer on top of rate cards to provide an easy way to provision customers with standard pricing.",api_reference,contracts,,create-a-package,create-a-package.md,21
Create historical invoices,https://docs.metronome.com/api-reference/contracts/create-historical-invoices.md,"Create historical usage invoices for past billing periods on specific contracts. Use this endpoint to generate retroactive invoices with custom usage line items, quantities, and date ranges. Supports preview mode to validate invoice data before creation. Ideal for billing migrations or correcting pa…",api_reference,contracts,,create-historical-invoices,create-historical-invoices.md,22
Edit a contract,https://docs.metronome.com/api-reference/contracts/edit-a-contract.md,The ability to edit a contract helps you react quickly to the needs of your customers and your business.,api_reference,contracts,,edit-a-contract,edit-a-contract.md,23
Get a contract (v1),https://docs.metronome.com/api-reference/contracts/get-a-contract-v1.md,This is the v1 endpoint to get a contract. New clients should implement using the v2 endpoint.,api_reference,contracts,,get-a-contract-v1,get-a-contract-v1.md,24
Get a contract (v2),https://docs.metronome.com/api-reference/contracts/get-a-contract-v2.md,"Gets the details for a specific contract, including contract term, rate card information, credits and commits, and more.",api_reference,contracts,,get-a-contract-v2,get-a-contract-v2.md,25
Get contract edit history,https://docs.metronome.com/api-reference/contracts/get-contract-edit-history.md,"List all the edits made to a contract over time. In Metronome, you can edit a contract at any point after it's created to fix mistakes or reflect changes in terms. Metronome stores a full history of all edits that were ever made to a contract, whether through the UI, `editContract` endpoint, or othe…",api_reference,contracts,,get-contract-edit-history,get-contract-edit-history.md,26
Get subscription quantity history,https://docs.metronome.com/api-reference/contracts/get-subscription-quantity-history.md,Get the history of subscription quantities and prices over time for a given `subscription_id`. This endpoint can be used to power an in-product experience where you show a customer their historical changes to seat count. Future changes are not included in this endpoint - use the `getContract` endpoi…,api_reference,contracts,,get-subscription-quantity-history,get-subscription-quantity-history.md,27
Get subscription seats history,https://docs.metronome.com/api-reference/contracts/get-subscription-seats-history.md,"Get the history of subscription seats schedule over time for a given `subscription_id`. This endpoint provides information about seat assignments and total quantities for different time periods, allowing you to track how seat assignments have changed over time.",api_reference,contracts,,get-subscription-seats-history,get-subscription-seats-history.md,28
Get the rate schedule for a contract,https://docs.metronome.com/api-reference/contracts/get-the-rate-schedule-for-a-contract.md,"For a specific customer and contract, get the rates at a specific point in time. This endpoint takes the contract's rate card into consideration, including scheduled changes. It also takes into account overrides on the contract.",api_reference,contracts,,get-the-rate-schedule-for-a-contract,get-the-rate-schedule-for-a-contract.md,29
List contracts associated with a package,https://docs.metronome.com/api-reference/contracts/list-contracts-associated-with-a-package.md,"For a given package, returns all contract IDs and customer IDs associated with the package over a specific time period.",api_reference,contracts,,list-contracts-associated-with-a-package,list-contracts-associated-with-a-package.md,30
List customer contracts (v1),https://docs.metronome.com/api-reference/contracts/list-customer-contracts-v1.md,"Retrieves all contracts for a specific customer, including pricing, terms, credits, and commitments. Use this to view a customer's contract history and current agreements for billing management. Returns contract details with optional ledgers and balance information.",api_reference,contracts,,list-customer-contracts-v1,list-customer-contracts-v1.md,31
List customer contracts (v2),https://docs.metronome.com/api-reference/contracts/list-customer-contracts-v2.md,"For a given customer, lists all of their contracts in chronological order.",api_reference,contracts,,list-customer-contracts-v2,list-customer-contracts-v2.md,32
Set a contract usage filter,https://docs.metronome.com/api-reference/contracts/set-a-contract-usage-filter.md,"If a customer has multiple contracts with overlapping rates, the usage filter routes usage to the appropriate contract based on a predefined group key.",api_reference,contracts,,set-a-contract-usage-filter,set-a-contract-usage-filter.md,33
Update invoice issue date,https://docs.metronome.com/api-reference/contracts/update-invoice-issue-date.md,"Updates the issue date of a specific DRAFT invoice within a contract. Use this endpoint to reschedule when an invoice should be issued without affecting future billing cycles or the underlying contract terms. Only works with invoices still in DRAFT status, and the new issue date cannot be later than…",api_reference,contracts,,update-invoice-issue-date,update-invoice-issue-date.md,34
Update the contract end date,https://docs.metronome.com/api-reference/contracts/update-the-contract-end-date.md,"Update or add an end date to a contract. Ending a contract early will impact draft usage statements, truncate any terms, and remove upcoming scheduled invoices. Moving the date into the future will only extend the contract length. Terms and scheduled invoices are not extended. In-advance subscriptio…",api_reference,contracts,,update-the-contract-end-date,update-the-contract-end-date.md,35
Add a manual balance entry,https://docs.metronome.com/api-reference/credits-and-commits/add-a-manual-balance-entry.md,Manually adjust the available balance on a commit or credit. This entry is appended to the commit ledger as a new event. Optionally include a description that provides the reasoning for the entry.,api_reference,credits-and-commits,,add-a-manual-balance-entry,add-a-manual-balance-entry.md,36
Archive a commit,https://docs.metronome.com/api-reference/credits-and-commits/archive-a-commit.md,"Archive a contract-level or customer-level commit. Use this endpoint to deactivate a commit while preserving historical records. You will not be able to archive a commit until all of the finalized usage invoices the commit has been applied to are voided, and all of the finalized invoices for commit…",api_reference,credits-and-commits,,archive-a-commit,archive-a-commit.md,37
Archive a credit,https://docs.metronome.com/api-reference/credits-and-commits/archive-a-credit.md,Archive a contract-level or customer-level credit. Use this endpoint to deactivate a credit while preserving historical records. You will not be able to archive a credit until all of the finalized invoices the credit has been applied to are voided.,api_reference,credits-and-commits,,archive-a-credit,archive-a-credit.md,38
Create a commit,https://docs.metronome.com/api-reference/credits-and-commits/create-a-commit.md,Creates customer-level commits that establish spending commitments for customers across their Metronome usage. Commits represent contracted spending obligations that can be either prepaid (paid upfront) or postpaid (billed later).,api_reference,credits-and-commits,,create-a-commit,create-a-commit.md,39
Create a credit,https://docs.metronome.com/api-reference/credits-and-commits/create-a-credit.md,"Creates customer-level credits that provide spending allowances or free credit balances for customers across their Metronome usage. Note: In most cases, you should add credits directly to customer contracts using the contract/create or contract/edit APIs.",api_reference,credits-and-commits,,create-a-credit,create-a-credit.md,40
Disable trueup for commit,https://docs.metronome.com/api-reference/credits-and-commits/disable-trueup-for-commit.md,"Disable the true-up invoice for a postpaid commit. If used, the true-up invoice will not be generated.",api_reference,credits-and-commits,,disable-trueup-for-commit,disable-trueup-for-commit.md,41
Edit a commit,https://docs.metronome.com/api-reference/credits-and-commits/edit-a-commit.md,"Edit specific details for a contract-level or customer-level commit. Use this endpoint to modify individual commit access schedules, invoice schedules, applicable products, invoicing contracts, or other fields.",api_reference,credits-and-commits,,edit-a-commit,edit-a-commit.md,42
Edit a credit,https://docs.metronome.com/api-reference/credits-and-commits/edit-a-credit.md,Edit details for a contract-level or customer-level credit.,api_reference,credits-and-commits,,edit-a-credit,edit-a-credit.md,43
Get the net balance of a customer,https://docs.metronome.com/api-reference/credits-and-commits/get-the-net-balance-of-a-customer.md,Retrieve the combined current balance across any grouping of credits and commits for a customer in a single API call. - Display real-time available balance to customers in billing dashboards - Build finance dashboards showing credit utilization across customer segments - Validate expected vs. actual…,api_reference,credits-and-commits,,get-the-net-balance-of-a-customer,get-the-net-balance-of-a-customer.md,44
List balances,https://docs.metronome.com/api-reference/credits-and-commits/list-balances.md,"Retrieve a comprehensive view of all available balances (commits and credits) for a customer. This endpoint provides real-time visibility into prepaid funds, postpaid commitments, promotional credits, and other balance types that can offset usage charges, helping you build transparent billing experi…",api_reference,credits-and-commits,,list-balances,list-balances.md,45
List commits,https://docs.metronome.com/api-reference/credits-and-commits/list-commits.md,"Retrieve all commit agreements for a customer, including both prepaid and postpaid commitments. This endpoint provides comprehensive visibility into contractual spending obligations, enabling you to track commitment utilization and manage customer contracts effectively.",api_reference,credits-and-commits,,list-commits,list-commits.md,46
List credits,https://docs.metronome.com/api-reference/credits-and-commits/list-credits.md,"Retrieve a detailed list of all credits available to a customer, including promotional credits and contract-specific credits. This endpoint provides comprehensive visibility into credit balances, access schedules, and usage rules, enabling you to build credit management interfaces and track availabl…",api_reference,credits-and-commits,,list-credits,list-credits.md,47
List seat balances,https://docs.metronome.com/api-reference/credits-and-commits/list-seat-balances.md,"Retrieve detailed balance for seat-based credits and commits from the contract's subscriptions, broken down by individual seats.",api_reference,credits-and-commits,,list-seat-balances,list-seat-balances.md,48
Release external payment gate threshold commit,https://docs.metronome.com/api-reference/credits-and-commits/release-external-payment-gate-threshold-commit.md,"If using threshold billing with an external payment gateway, Metronome does not facilitate the payment gating process on behalf of the client. As a result, clients must facilitate the transaction themselves. This end-point is used to either release or cancel the commit pending on the outcome of the…",api_reference,credits-and-commits,,release-external-payment-gate-threshold-commit,release-external-payment-gate-threshold-commit.md,49
Update the commit end date,https://docs.metronome.com/api-reference/credits-and-commits/update-the-commit-end-date.md,"Shortens the end date of a prepaid commit to terminate it earlier than originally scheduled. Use this endpoint when you need to cancel or reduce the duration of an existing prepaid commit. Only works with prepaid commit types and can only move the end date forward (earlier), not extend it.",api_reference,credits-and-commits,,update-the-commit-end-date,update-the-commit-end-date.md,50
Update the credit end date,https://docs.metronome.com/api-reference/credits-and-commits/update-the-credit-end-date.md,"Shortens the end date of an existing customer credit to terminate it earlier than originally scheduled. Only allows moving end dates forward (earlier), not extending them.",api_reference,credits-and-commits,,update-the-credit-end-date,update-the-credit-end-date.md,51
Custom fields,https://docs.metronome.com/api-reference/custom-fields.md,,api_reference,,,custom-fields,custom-fields.md,52
Create a custom field key,https://docs.metronome.com/api-reference/custom-fields/create-a-custom-field-key.md,"Creates a new custom field key for a given entity (e.g. billable metric, contract, alert).",api_reference,custom-fields,,create-a-custom-field-key,create-a-custom-field-key.md,53
Delete a custom field key,https://docs.metronome.com/api-reference/custom-fields/delete-a-custom-field-key.md,"Removes a custom field key from the allowlist for a specific entity type, preventing future use of that key across all instances of the entity. Existing values for this key on entity instances will no longer be accessible once the key is removed.",api_reference,custom-fields,,delete-a-custom-field-key,delete-a-custom-field-key.md,54
Delete custom fields,https://docs.metronome.com/api-reference/custom-fields/delete-custom-fields.md,"Remove specific custom field values from a Metronome entity instance by specifying the field keys to delete. Use this endpoint to clean up unwanted custom field data while preserving other fields on the same entity. Requires the entity type, entity ID, and array of keys to remove.",api_reference,custom-fields,,delete-custom-fields,delete-custom-fields.md,55
List custom field keys,https://docs.metronome.com/api-reference/custom-fields/list-custom-field-keys.md,"Retrieve all your active custom field keys, with optional filtering by entity type (customer, contract, product, etc.). Use this endpoint to discover what custom field keys are available before setting values on entities or to audit your custom field configuration across different entity types.",api_reference,custom-fields,,list-custom-field-keys,list-custom-field-keys.md,56
Set custom field values,https://docs.metronome.com/api-reference/custom-fields/set-custom-field-values.md,Sets custom field values on a specific Metronome entity instance. Overwrites existing values for matching keys while preserving other fields. All updates are transactional—either all values are set or none are. Custom field values are limited to 200 characters each.,api_reference,custom-fields,,set-custom-field-values,set-custom-field-values.md,57
Archive a customer,https://docs.metronome.com/api-reference/customers/archive-a-customer.md,Use this endpoint to archive a customer while preserving auditability. Archiving a customer will automatically archive all contracts as of the current date and void all corresponding invoices. Use this endpoint if a customer is onboarded by mistake.,api_reference,customers,,archive-a-customer,archive-a-customer.md,58
Archive billing provider configurations for a customer,https://docs.metronome.com/api-reference/customers/archive-billing-provider-configurations-for-a-customer.md,"Deprecate an existing billing configuration for a customer to handle churn or billing and collection preference changes. Archiving a billing configuration takes effect immediately. If there are active contracts using the configuration, Metronome will archive the configuration on the contract and imm…",api_reference,customers,,archive-billing-provider-configurations-for-a-customer,archive-billing-provider-configurations-for-a-customer.md,59
Create a customer,https://docs.metronome.com/api-reference/customers/create-a-customer.md,Create a new customer in Metronome and optionally the billing configuration (recommended) which dictates where invoices for the customer will be sent or where payment will be collected.,api_reference,customers,,create-a-customer,create-a-customer.md,60
Create or update customer ingest aliases,https://docs.metronome.com/api-reference/customers/create-or-update-customer-ingest-aliases.md,Sets the ingest aliases for a customer. Use this endpoint to associate a Metronome customer with an internal ID for easier tracking between systems. Ingest aliases can be used in the `customer_id` field when sending usage events to Metronome.,api_reference,customers,,create-or-update-customer-ingest-aliases,create-or-update-customer-ingest-aliases.md,61
Fetch billing provider configurations for a customer,https://docs.metronome.com/api-reference/customers/fetch-billing-provider-configurations-for-a-customer.md,Returns all billing configurations previously set for the customer. Use during the contract provisioning process to fetch the `billing_provider_configuration_id` needed to set the contract billing configuration.,api_reference,customers,,fetch-billing-provider-configurations-for-a-customer,fetch-billing-provider-configurations-for-a-customer.md,62
Get a customer,https://docs.metronome.com/api-reference/customers/get-a-customer.md,"Get detailed information for a specific customer by their Metronome ID. Returns customer profile data including name, creation date, ingest aliases, configuration settings, and custom fields. Use this endpoint to fetch complete customer details for billing operations or account management.",api_reference,customers,,get-a-customer,get-a-customer.md,63
Get an embeddable customer dashboard,https://docs.metronome.com/api-reference/customers/get-an-embeddable-customer-dashboard.md,"Generate secure, embeddable dashboard URLs that allow you to seamlessly integrate Metronome's billing visualizations directly into your application. This endpoint creates authenticated iframe-ready URLs for customer-specific dashboards, providing a white-labeled billing experience without building c…",api_reference,customers,,get-an-embeddable-customer-dashboard,get-an-embeddable-customer-dashboard.md,64
List customers,https://docs.metronome.com/api-reference/customers/list-customers.md,"Gets a paginated list of all customers in your Metronome account. Use this endpoint to browse your customer base, implement customer search functionality, or sync customer data with external systems. Returns customer details including IDs, names, and configuration settings. Supports filtering and pa…",api_reference,customers,,list-customers,list-customers.md,65
Set billing provider configurations for a customer,https://docs.metronome.com/api-reference/customers/set-billing-provider-configurations-for-a-customer.md,"Create a billing configuration for a customer. Once created, these configurations are available to associate to a contract and dictates which downstream system to collect payment in or send the invoice to. You can create multiple configurations per customer. The configuration formats are distinct fo…",api_reference,customers,,set-billing-provider-configurations-for-a-customer,set-billing-provider-configurations-for-a-customer.md,66
Update a customer configuration,https://docs.metronome.com/api-reference/customers/update-a-customer-configuration.md,"Update configuration settings for a specific customer, such as external system integrations (e.g., Salesforce account ID) and other customer-specific billing parameters. Use this endpoint to modify customer configurations without affecting core customer data like name or ingest aliases.",api_reference,customers,,update-a-customer-configuration,update-a-customer-configuration.md,67
Update a customer name,https://docs.metronome.com/api-reference/customers/update-a-customer-name.md,"Updates the display name for a customer record. Use this to correct customer names, update business names after rebranding, or maintain accurate customer information for invoicing and reporting. Returns the updated customer object with the new name applied immediately across all billing documents an…",api_reference,customers,,update-a-customer-name,update-a-customer-name.md,68
API idempotency,https://docs.metronome.com/api-reference/idempotency.md,,api_reference,,,idempotency,idempotency.md,69
API Reference,https://docs.metronome.com/api-reference/introduction.md,,api_reference,,,introduction,introduction.md,70
Get an invoice,https://docs.metronome.com/api-reference/invoices/get-an-invoice.md,"Retrieve detailed information for a specific invoice by its unique identifier. This endpoint returns comprehensive invoice data including line items, applied credits, totals, and billing period details for both finalized and draft invoices.",api_reference,invoices,,get-an-invoice,get-an-invoice.md,71
Get an invoice PDF,https://docs.metronome.com/api-reference/invoices/get-an-invoice-pdf.md,"Retrieve a PDF version of a specific invoice by its unique identifier. This endpoint generates a professionally formatted invoice document suitable for sharing with customers, accounting teams, or for record-keeping purposes.",api_reference,invoices,,get-an-invoice-pdf,get-an-invoice-pdf.md,72
List invoice breakdowns,https://docs.metronome.com/api-reference/invoices/list-invoice-breakdowns.md,"Retrieve granular time-series breakdowns of invoice data at hourly or daily intervals. This endpoint transforms standard invoices into detailed timelines, enabling you to track usage patterns, identify consumption spikes, and provide customers with transparency into their billing details throughout…",api_reference,invoices,,list-invoice-breakdowns,list-invoice-breakdowns.md,73
List invoices,https://docs.metronome.com/api-reference/invoices/list-invoices.md,"Retrieves a paginated list of invoices for a specific customer, with flexible filtering options to narrow results by status, date range, credit type, and more. This endpoint provides a comprehensive view of a customer's billing history and current charges, supporting both real-time billing dashboard…",api_reference,invoices,,list-invoices,list-invoices.md,74
Preview events,https://docs.metronome.com/api-reference/invoices/preview-events.md,Preview how a set of events will affect a customer's invoices. Generates draft invoices for a customer using their current contract configuration and the provided events.  This is useful for testing how new events will affect the customer's invoices before they are actually processed. Customers on c…,api_reference,invoices,,preview-events,preview-events.md,75
Regenerate an invoice,https://docs.metronome.com/api-reference/invoices/regenerate-an-invoice.md,"This endpoint regenerates a voided invoice and recalculates the invoice based on up-to-date rates, available balances, and other fees regardless of the billing period.",api_reference,invoices,,regenerate-an-invoice,regenerate-an-invoice.md,76
Void an invoice,https://docs.metronome.com/api-reference/invoices/void-an-invoice.md,"Permanently cancels an invoice by setting its status to voided, preventing collection and removing it from customer billing. Use this to correct billing errors, cancel incorrect charges, or handle disputed invoices that should not be collected. Returns the voided invoice ID with the status change ap…",api_reference,invoices,,void-an-invoice,void-an-invoice.md,77
List all packages,https://docs.metronome.com/api-reference/list-all-packages.md,"Lists all packages with details including name, aliases, duration, and terms. To view contracts on a specific package, use the `listContractsOnPackage` endpoint.",api_reference,,,list-all-packages,list-all-packages.md,78
Archive an offset lifecycle event notification configuration,https://docs.metronome.com/api-reference/notifications/archive-an-offset-lifecycle-event-notification-configuration.md,Archive an offset lifecycle event notification configuration. Archived notifications are not processed.,api_reference,notifications,,archive-an-offset-lifecycle-event-notification-configuration,archive-an-offset-lifecycle-event-notification-configuration.md,79
Create an offset lifecycle event notification configuration,https://docs.metronome.com/api-reference/notifications/create-an-offset-lifecycle-event-notification-configuration.md,Create an offset lifecycle event notification configuration. The lifecycle event type is inferred from the policy.type field.,api_reference,notifications,,create-an-offset-lifecycle-event-notification-configuration,create-an-offset-lifecycle-event-notification-configuration.md,80
Edit an offset lifecycle event notification configuration,https://docs.metronome.com/api-reference/notifications/edit-an-offset-lifecycle-event-notification-configuration.md,Edit an existing offset lifecycle event notification configuration.,api_reference,notifications,,edit-an-offset-lifecycle-event-notification-configuration,edit-an-offset-lifecycle-event-notification-configuration.md,81
Get an offset lifecycle event notification configuration,https://docs.metronome.com/api-reference/notifications/get-an-offset-lifecycle-event-notification-configuration.md,Retrieve a specific offset lifecycle event notification configuration by ID.,api_reference,notifications,,get-an-offset-lifecycle-event-notification-configuration,get-an-offset-lifecycle-event-notification-configuration.md,82
List offset lifecycle event notification configurations,https://docs.metronome.com/api-reference/notifications/list-offset-lifecycle-event-notification-configurations.md,List offset lifecycle event notification configurations. These are user-created notifications that trigger at a specified time offset relative to lifecycle events. Returns a maximum of 400 results per request.,api_reference,notifications,,list-offset-lifecycle-event-notification-configurations,list-offset-lifecycle-event-notification-configurations.md,83
List system notification event types,https://docs.metronome.com/api-reference/notifications/list-system-notification-event-types.md,List available system lifecycle event types for notifications. These are read-only event types that can be used when creating offset notifications.,api_reference,notifications,,list-system-notification-event-types,list-system-notification-event-types.md,84
Archive a package,https://docs.metronome.com/api-reference/packages/archive-a-package.md,"Archive a package. Archived packages cannot be used to create new contracts. However, existing contracts associated with the package will continue to function as normal. Once you archive a package, you can still retrieve it in the UI and API, but you cannot unarchive it.",api_reference,packages,,archive-a-package,archive-a-package.md,85
Get a package,https://docs.metronome.com/api-reference/packages/get-a-package.md,"Gets the details for a specific package, including name, aliases, duration, and terms. Use this endpoint to understand a package’s alias schedule, or display a specific package’s details to end customers.",api_reference,packages,,get-a-package,get-a-package.md,86
API Pagination,https://docs.metronome.com/api-reference/pagination.md,,api_reference,,,pagination,pagination.md,87
Use Postman with Metronome,https://docs.metronome.com/api-reference/postman.md,,api_reference,,,postman,postman.md,88
Archive a product,https://docs.metronome.com/api-reference/products/archive-a-product.md,"Archive a product. Any current rate cards associated with this product will continue to function as normal. However, it will no longer be available as an option for newly created rates. Once you archive a product, you can still retrieve it in the UI and API, but you cannot unarchive it.",api_reference,products,,archive-a-product,archive-a-product.md,89
Create a product,https://docs.metronome.com/api-reference/products/create-a-product.md,Create a new product object. Products in Metronome represent your company's individual product or service offerings. A Product can be thought of as the basic unit of a line item on the invoice. This is analogous to SKUs or items in an ERP system. Give the product a meaningful name as they will appea…,api_reference,products,,create-a-product,create-a-product.md,90
Get a product,https://docs.metronome.com/api-reference/products/get-a-product.md,"Retrieve a product by its ID, including all metadata and historical changes.",api_reference,products,,get-a-product,get-a-product.md,91
List products,https://docs.metronome.com/api-reference/products/list-products.md,"Get a paginated list of all products in your organization with their complete configuration, version history, and metadata. By default excludes archived products unless explicitly requested via the `archive_filter` parameter.",api_reference,products,,list-products,list-products.md,92
Update a product,https://docs.metronome.com/api-reference/products/update-a-product.md,"Updates a product's configuration while maintaining billing continuity for active customers. Use this endpoint to modify product names, metrics, pricing rules, and composite settings without disrupting ongoing billing cycles. Changes are scheduled using the starting_at timestamp, which must be on an…",api_reference,products,,update-a-product,update-a-product.md,93
Add a rate,https://docs.metronome.com/api-reference/rate-cards/add-a-rate.md,Add a new rate,api_reference,rate-cards,,add-a-rate,add-a-rate.md,94
Add rates,https://docs.metronome.com/api-reference/rate-cards/add-rates.md,Add new rates,api_reference,rate-cards,,add-rates,add-rates.md,95
Archive a rate card,https://docs.metronome.com/api-reference/rate-cards/archive-a-rate-card.md,"Permanently disable a rate card by archiving it, preventing use in new contracts while preserving existing contract pricing. Use this when retiring old pricing models, consolidating rate cards, or removing outdated pricing structures. Returns the archived rate card ID and stops the rate card from ap…",api_reference,rate-cards,,archive-a-rate-card,archive-a-rate-card.md,96
Create a rate card,https://docs.metronome.com/api-reference/rate-cards/create-a-rate-card.md,"In Metronome, the rate card is the central location for your pricing. Rate cards were built with new product launches and pricing changes in mind - you can update your products and pricing in one place, and that change will be automatically propagated across your customer cohorts. Most clients need…",api_reference,rate-cards,,create-a-rate-card,create-a-rate-card.md,97
Get a rate card,https://docs.metronome.com/api-reference/rate-cards/get-a-rate-card.md,"Return details for a specific rate card including name, description, and aliases. This endpoint does not return rates - use the dedicated getRates or getRateSchedule endpoints to understand the rates on a rate card.",api_reference,rate-cards,,get-a-rate-card,get-a-rate-card.md,98
Get a rate schedule,https://docs.metronome.com/api-reference/rate-cards/get-a-rate-schedule.md,"A rate card defines the prices that you charge for your products. Rate cards support scheduled changes over time, to allow you to easily roll out pricing changes and new product launches across your customer base. Use this endpoint to understand the rate schedule `starting_at` a given date, optional…",api_reference,rate-cards,,get-a-rate-schedule,get-a-rate-schedule.md,99
Get rates,https://docs.metronome.com/api-reference/rate-cards/get-rates.md,"Understand the rate schedule at a given timestamp, optionally filtering the list of rates returned based on properties such as `product_id` and `pricing_group_values`. For example, you may want to display the current price for a given product in your product experience - use this endpoint to fetch t…",api_reference,rate-cards,,get-rates,get-rates.md,100
List rate cards,https://docs.metronome.com/api-reference/rate-cards/list-rate-cards.md,"List all rate cards. Returns rate card IDs, names, descriptions, aliases, and other details. To view the rates associated with a given rate card, use the getRates or getRateSchedule endpoints.",api_reference,rate-cards,,list-rate-cards,list-rate-cards.md,101
Set the rate card products order,https://docs.metronome.com/api-reference/rate-cards/set-the-rate-card-products-order.md,The ordering of products on a rate card determines the order in which the products will appear on customers' invoices. Use this endpoint to set the order of products on the rate card.,api_reference,rate-cards,,set-the-rate-card-products-order,set-the-rate-card-products-order.md,102
Update a rate card,https://docs.metronome.com/api-reference/rate-cards/update-a-rate-card.md,"Update a rate card's name, description, aliases, and credit type conversion rates. This endpoint does not affect underlying pricing rates or schedules.",api_reference,rate-cards,,update-a-rate-card,update-a-rate-card.md,103
Update the rate card products order,https://docs.metronome.com/api-reference/rate-cards/update-the-rate-card-products-order.md,The ordering of products on a rate card determines the order in which the products will appear on customers' invoices. Use this endpoint to set the order of specific products on the rate card by moving them relative to their current location.,api_reference,rate-cards,,update-the-rate-card-products-order,update-the-rate-card-products-order.md,104
Build with the Metronome SDKs,https://docs.metronome.com/api-reference/sdks.md,,api_reference,,,sdks,sdks.md,105
Get audit logs,https://docs.metronome.com/api-reference/security/get-audit-logs.md,"Get a comprehensive audit trail of all operations performed in your Metronome account, whether initiated through the API, web interface, or automated processes. This endpoint provides detailed logs of who did what and when, enabling compliance reporting, security monitoring, and operational troubles…",api_reference,security,,get-audit-logs,get-audit-logs.md,106
Get services,https://docs.metronome.com/api-reference/security/get-services.md,"Gets Metronome's service registry with associated IP addresses for security allowlisting and firewall configuration. Use this endpoint to maintain an up-to-date list of IPs that your systems should trust for Metronome communications. Returns service names and their current IP ranges, with new IPs ty…",api_reference,security,,get-services,get-services.md,107
List account-level billing providers,https://docs.metronome.com/api-reference/settings/list-account-level-billing-providers.md,"Lists all configured billing providers and their delivery method configurations for your account. Returns provider details, delivery method IDs, and configuration settings needed for mapping individual customer contracts to billing integrations.",api_reference,settings,,list-account-level-billing-providers,list-account-level-billing-providers.md,108
List pricing units,https://docs.metronome.com/api-reference/settings/list-pricing-units.md,"List all pricing units. All fiat currency types (for example, USD or GBP) will be included, as well as any custom pricing units that were configured. Custom pricing units can be used to charge for usage in a non-fiat pricing unit, for example AI credits.",api_reference,settings,,list-pricing-units,list-pricing-units.md,109
Set up account-level billing provider,https://docs.metronome.com/api-reference/settings/set-up-account-level-billing-provider.md,"Set up account-level configuration for a billing provider. Once configured, individual contracts across customers can be mapped to this configuration using the returned delivery_method_id.",api_reference,settings,,set-up-account-level-billing-provider,set-up-account-level-billing-provider.md,110
Upsert Anrok API token,https://docs.metronome.com/api-reference/settings/upsert-anrok-api-token.md,"Set the Anrok API token for some specified delivery_method_ids, which can be found in the `/listConfiguredBillingProviders` response. This maps the Anrok key to the appropriate billing entity. These API tokens are only used for Threshold Billing workflows today.",api_reference,settings,,upsert-anrok-api-token,upsert-anrok-api-token.md,111
Upsert Avalara credentials,https://docs.metronome.com/api-reference/settings/upsert-avalara-credentials.md,"Set the Avalara credentials for some specified `delivery_method_ids`, which can be found in the `/listConfiguredBillingProviders` response. This maps the Avalara credentials to the appropriate billing entity. These credentials are only used for PLG Invoicing today.",api_reference,settings,,upsert-avalara-credentials,upsert-avalara-credentials.md,112
API status codes,https://docs.metronome.com/api-reference/status-codes.md,,api_reference,,,status-codes,status-codes.md,113
Get batched usage data,https://docs.metronome.com/api-reference/usage/get-batched-usage-data.md,"Retrieve aggregated usage data across multiple customers and billable metrics in a single query. This batch endpoint enables you to fetch usage patterns at scale, broken down by time windows, making it ideal for building analytics dashboards, generating reports, and monitoring platform-wide usage tr…",api_reference,usage,,get-batched-usage-data,get-batched-usage-data.md,114
Get usage data with paginated groupings,https://docs.metronome.com/api-reference/usage/get-usage-data-with-paginated-groupings.md,"Retrieve granular usage data for a specific customer and billable metric, with the ability to break down usage by custom grouping dimensions. This endpoint enables deep usage analytics by segmenting data across attributes like region, user, model type, or any custom dimension defined in your billabl…",api_reference,usage,,get-usage-data-with-paginated-groupings,get-usage-data-with-paginated-groupings.md,115
Ingest events,https://docs.metronome.com/api-reference/usage/ingest-events.md,"The ingest endpoint is the primary method for sending usage events to Metronome, serving as the foundation for all billing calculations in your usage-based pricing model. This high-throughput endpoint is designed for real-time streaming ingestion, supports backdating 34 days, and is built to handle…",api_reference,usage,,ingest-events,ingest-events.md,116
Search events,https://docs.metronome.com/api-reference/usage/search-events.md,This endpoint retrieves events by transaction ID for events that occurred within the last 34 days. It is specifically designed for sampling-based testing workflows to detect revenue leakage. The Event Search API provides a critical observability tool that validates the integrity of your usage pipeli…,api_reference,usage,,search-events,search-events.md,117
Manage contract lifecycle transitions,https://docs.metronome.com/guides/customers-billing/manage-customers/manage-customer-lifecycle.md,,guide,customers-billing,manage-customers,manage-customer-lifecycle,manage-customer-lifecycle.md,118
Manage product access,https://docs.metronome.com/guides/customers-billing/manage-customers/manage-product-access.md,,guide,customers-billing,manage-customers,manage-product-access,manage-product-access.md,119
Provision a customer,https://docs.metronome.com/guides/customers-billing/manage-customers/provision-a-customer.md,"In Metronome, customers are the recipients of an invoice and may represent individual users, enterprises, API keys, or whatever specification your organization needs. This guide describes how to provision a customer in Metronome.",guide,customers-billing,manage-customers,provision-a-customer,provision-a-customer.md,120
Schedule a billing provider change,https://docs.metronome.com/guides/customers-billing/manage-customers/schedule-billing-provider-change.md,Switch billing providers on an existing contract without creating a new one.,guide,customers-billing,manage-customers,schedule-billing-provider-change,schedule-billing-provider-change.md,121
Spend trackers,https://docs.metronome.com/guides/customers-billing/manage-customers/spend-trackers.md,,guide,customers-billing,manage-customers,spend-trackers,spend-trackers.md,122
Let customers manage spend and usage,https://docs.metronome.com/guides/customers-billing/optimize-customer-experience/customer-controls.md,,guide,customers-billing,optimize-customer-experience,customer-controls,customer-controls.md,123
Build API-powered customer dashboards,https://docs.metronome.com/guides/customers-billing/optimize-customer-experience/customer-dashboards-and-reporting.md,,guide,customers-billing,optimize-customer-experience,customer-dashboards-and-reporting,customer-dashboards-and-reporting.md,124
Track the remaining balance of a credit or commit,https://docs.metronome.com/guides/customers-billing/optimize-customer-experience/get-remaining-balance.md,,guide,customers-billing,optimize-customer-experience,get-remaining-balance,get-remaining-balance.md,125
India e-mandate support for Stripe invoices,https://docs.metronome.com/guides/customers-billing/optimize-customer-experience/india-e-mandates.md,Invoice Indian credit cards using RBI-compliant Stripe mandates.,guide,customers-billing,optimize-customer-experience,india-e-mandates,india-e-mandates.md,126
Set prepaid balance thresholds,https://docs.metronome.com/guides/customers-billing/optimize-customer-experience/prepaid-balance-thresholds.md,,guide,customers-billing,optimize-customer-experience,prepaid-balance-thresholds,prepaid-balance-thresholds.md,127
Preview event costs,https://docs.metronome.com/guides/customers-billing/optimize-customer-experience/preview-event-cost.md,Preview the cost of customer actions before they’re incurred.,guide,customers-billing,optimize-customer-experience,preview-event-cost,preview-event-cost.md,128
Enforce spend thresholds,https://docs.metronome.com/guides/customers-billing/optimize-customer-experience/set-customer-spend-control.md,,guide,customers-billing,optimize-customer-experience,set-customer-spend-control,set-customer-spend-control.md,129
Overview,https://docs.metronome.com/guides/customers-billing/overview.md,,guide,customers-billing,,overview,overview.md,130
Create alert specifiers,https://docs.metronome.com/guides/customers-billing/set-up-notifications/create-alert-specifiers.md,,guide,customers-billing,set-up-notifications,create-alert-specifiers,create-alert-specifiers.md,131
Manage your customer lifecycle with Metronome notifications,https://docs.metronome.com/guides/customers-billing/set-up-notifications/create-and-manage-notifications.md,,guide,customers-billing,set-up-notifications,create-and-manage-notifications,create-and-manage-notifications.md,132
Offset notifications,https://docs.metronome.com/guides/customers-billing/set-up-notifications/offset-notifications.md,,guide,customers-billing,set-up-notifications,offset-notifications,offset-notifications.md,133
System notifications,https://docs.metronome.com/guides/customers-billing/set-up-notifications/system-notifications.md,,guide,customers-billing,set-up-notifications,system-notifications,system-notifications.md,134
Threshold notifications,https://docs.metronome.com/guides/customers-billing/set-up-notifications/threshold-notifications.md,,guide,customers-billing,set-up-notifications,threshold-notifications,threshold-notifications.md,135
Design usage events,https://docs.metronome.com/guides/events/design-usage-events.md,,guide,events,,design-usage-events,design-usage-events.md,136
Usage events at scale,https://docs.metronome.com/guides/events/high-volume-ingestion.md,,guide,events,,high-volume-ingestion,high-volume-ingestion.md,137
Send usage events,https://docs.metronome.com/guides/events/send-usage-events.md,,guide,events,,send-usage-events,send-usage-events.md,138
API quickstart,https://docs.metronome.com/guides/get-started/api-quickstart.md,Get to your first invoice with the Metronome API,guide,get-started,,api-quickstart,api-quickstart.md,139
Build with the Metronome SDKs,https://docs.metronome.com/guides/get-started/developer-sdks.md,,guide,get-started,,developer-sdks,developer-sdks.md,140
Metronome Docs,https://docs.metronome.com/guides/get-started/home.md,,guide,get-started,,home,home.md,141
How Metronome works,https://docs.metronome.com/guides/get-started/how-metronome-works.md,,guide,get-started,,how-metronome-works,how-metronome-works.md,142
Get to your first invoice,https://docs.metronome.com/guides/get-started/metronome-dashboard-quickstart.md,"This guide walks you through setting up billing, entirely in the Metronome dashboard.",guide,get-started,,metronome-dashboard-quickstart,metronome-dashboard-quickstart.md,143
Manage contracts in Stripe,https://docs.metronome.com/guides/get-started/stripe-marketplace-app.md,,guide,get-started,,stripe-marketplace-app,stripe-marketplace-app.md,144
Create streaming billable metrics,https://docs.metronome.com/guides/implement-metronome/core-concepts/billable-metrics-basic-filters.md,,guide,implement-metronome,core-concepts,billable-metrics-basic-filters,billable-metrics-basic-filters.md,145
Create SQL billable metrics,https://docs.metronome.com/guides/implement-metronome/core-concepts/billable-metrics-sql-editor.md,,guide,implement-metronome,core-concepts,billable-metrics-sql-editor,billable-metrics-sql-editor.md,146
Create billable metrics,https://docs.metronome.com/guides/implement-metronome/core-concepts/create-billable-metrics.md,,guide,implement-metronome,core-concepts,create-billable-metrics,create-billable-metrics.md,147
Create and manage rate cards,https://docs.metronome.com/guides/implement-metronome/core-concepts/create-manage-rate-cards.md,,guide,implement-metronome,core-concepts,create-manage-rate-cards,create-manage-rate-cards.md,148
Create products,https://docs.metronome.com/guides/implement-metronome/core-concepts/create-products-contracts.md,,guide,implement-metronome,core-concepts,create-products-contracts,create-products-contracts.md,149
How Metronome invoices work,https://docs.metronome.com/guides/implement-metronome/core-concepts/how-invoicing-works.md,,guide,implement-metronome,core-concepts,how-invoicing-works,how-invoicing-works.md,150
Non-monotonically increasing metrics,https://docs.metronome.com/guides/implement-metronome/core-concepts/non-monotonically-increasing-metrics.md,,guide,implement-metronome,core-concepts,non-monotonically-increasing-metrics,non-monotonically-increasing-metrics.md,151
Create packages,https://docs.metronome.com/guides/implement-metronome/core-concepts/packages-overview.md,,guide,implement-metronome,core-concepts,packages-overview,packages-overview.md,152
Provision a customer contract,https://docs.metronome.com/guides/implement-metronome/core-concepts/provision-contract.md,,guide,implement-metronome,core-concepts,provision-contract,provision-contract.md,153
Provision a customer,https://docs.metronome.com/guides/implement-metronome/core-concepts/provision-customer.md,,guide,implement-metronome,core-concepts,provision-customer,provision-customer.md,154
Send usage events,https://docs.metronome.com/guides/implement-metronome/core-concepts/send-usage-events.md,,guide,implement-metronome,core-concepts,send-usage-events,send-usage-events.md,155
Plan your billing architecture,https://docs.metronome.com/guides/implement-metronome/planning-your-billing-architecture.md,Start asking the right questions to ensure your billing architecture is built for success today and into the future.,guide,implement-metronome,,planning-your-billing-architecture,planning-your-billing-architecture.md,156
Metronome go-live checklist,https://docs.metronome.com/guides/implement-metronome/production-checklist.md,,guide,implement-metronome,,production-checklist,production-checklist.md,157
Import existing invoices,https://docs.metronome.com/guides/invoices/invoice-optimization/import-existing-invoices.md,,guide,invoices,invoice-optimization,import-existing-invoices,import-existing-invoices.md,158
Issue credit memos,https://docs.metronome.com/guides/invoices/invoice-optimization/issue-credit-memos.md,,guide,invoices,invoice-optimization,issue-credit-memos,issue-credit-memos.md,159
Overview,https://docs.metronome.com/guides/invoices/overview.md,,guide,invoices,,overview,overview.md,160
Allowlist the Metronome API,https://docs.metronome.com/guides/platform-configuration/allowlist.md,,guide,platform-configuration,,allowlist,allowlist.md,161
Audit logs,https://docs.metronome.com/guides/platform-configuration/audit-logs.md,,guide,platform-configuration,,audit-logs,audit-logs.md,162
Metronome's pricing model,https://docs.metronome.com/guides/platform-configuration/metronome-pricing-model.md,,guide,platform-configuration,,metronome-pricing-model,metronome-pricing-model.md,163
Role-based access control (RBAC),https://docs.metronome.com/guides/platform-configuration/role-based-access-rbac.md,,guide,platform-configuration,,role-based-access-rbac,role-based-access-rbac.md,164
Metronome's security principles,https://docs.metronome.com/guides/platform-configuration/security-principles.md,,guide,platform-configuration,,security-principles,security-principles.md,165
Webhooks,https://docs.metronome.com/guides/platform-configuration/setup-webhooks.md,,guide,platform-configuration,,setup-webhooks,setup-webhooks.md,166
Single sign-on (SSO),https://docs.metronome.com/guides/platform-configuration/single-sign-on-sso.md,,guide,platform-configuration,,single-sign-on-sso,single-sign-on-sso.md,167
Set threshold notifications on credit and commits,https://docs.metronome.com/guides/pricing-packaging/apply-credits-and-commits/alerts.md,,guide,pricing-packaging,apply-credits-and-commits,alerts,alerts.md,168
Apply credits and commits to contracts,https://docs.metronome.com/guides/pricing-packaging/apply-credits-and-commits/create-a-pre-paid-commit.md,,guide,pricing-packaging,apply-credits-and-commits,create-a-pre-paid-commit,create-a-pre-paid-commit.md,169
Offer discounts on commits,https://docs.metronome.com/guides/pricing-packaging/apply-credits-and-commits/discounting-on-commits.md,,guide,pricing-packaging,apply-credits-and-commits,discounting-on-commits,discounting-on-commits.md,170
Guarantee zero overages,https://docs.metronome.com/guides/pricing-packaging/apply-credits-and-commits/guarantee-zero-overages.md,,guide,pricing-packaging,apply-credits-and-commits,guarantee-zero-overages,guarantee-zero-overages.md,171
Payment-gated commits,https://docs.metronome.com/guides/pricing-packaging/apply-credits-and-commits/manual-payment-gated-commits.md,,guide,pricing-packaging,apply-credits-and-commits,manual-payment-gated-commits,manual-payment-gated-commits.md,172
Understand prioritization rules,https://docs.metronome.com/guides/pricing-packaging/apply-credits-and-commits/prioritization-rules.md,,guide,pricing-packaging,apply-credits-and-commits,prioritization-rules,prioritization-rules.md,173
Target usage with credits and commits,https://docs.metronome.com/guides/pricing-packaging/apply-credits-and-commits/target-credit-and-commits.md,,guide,pricing-packaging,apply-credits-and-commits,target-credit-and-commits,target-credit-and-commits.md,174
Create a free trial,https://docs.metronome.com/guides/pricing-packaging/billing-model-guides/create-a-trial.md,,guide,pricing-packaging,billing-model-guides,create-a-trial,create-a-trial.md,175
Launch an enterprise commit model,https://docs.metronome.com/guides/pricing-packaging/billing-model-guides/enterprise-commit.md,,guide,pricing-packaging,billing-model-guides,enterprise-commit,enterprise-commit.md,176
Guides home,https://docs.metronome.com/guides/pricing-packaging/billing-model-guides/guides-home.md,,guide,pricing-packaging,billing-model-guides,guides-home,guides-home.md,177
Launch a hybrid business model,https://docs.metronome.com/guides/pricing-packaging/billing-model-guides/hybrid-business-models.md,,guide,pricing-packaging,billing-model-guides,hybrid-business-models,hybrid-business-models.md,178
Model hierarchical customer relationships,https://docs.metronome.com/guides/pricing-packaging/billing-model-guides/model-hierarchical-customer-relationships.md,,guide,pricing-packaging,billing-model-guides,model-hierarchical-customer-relationships,model-hierarchical-customer-relationships.md,179
Launch a pay-as-you-go business model,https://docs.metronome.com/guides/pricing-packaging/billing-model-guides/pay-as-you-go.md,,guide,pricing-packaging,billing-model-guides,pay-as-you-go,pay-as-you-go.md,180
Launch a prepaid credits business model,https://docs.metronome.com/guides/pricing-packaging/billing-model-guides/prepaid-credits.md,,guide,pricing-packaging,billing-model-guides,prepaid-credits,prepaid-credits.md,181
Edit a contract,https://docs.metronome.com/guides/pricing-packaging/make-pricing-changes/edit-contract.md,,guide,pricing-packaging,make-pricing-changes,edit-contract,edit-contract.md,182
Contract edits and overrides,https://docs.metronome.com/guides/pricing-packaging/make-pricing-changes/edit-or-override-a-contract.md,,guide,pricing-packaging,make-pricing-changes,edit-or-override-a-contract,edit-or-override-a-contract.md,183
Launch new pricing​,https://docs.metronome.com/guides/pricing-packaging/make-pricing-changes/make-a-pricing-change.md,,guide,pricing-packaging,make-pricing-changes,make-a-pricing-change,make-a-pricing-change.md,184
Set currencies and custom pricing units,https://docs.metronome.com/guides/pricing-packaging/make-pricing-changes/use-currency-custompricingunits.md,,guide,pricing-packaging,make-pricing-changes,use-currency-custompricingunits,use-currency-custompricingunits.md,185
Overview,https://docs.metronome.com/guides/pricing-packaging/overview.md,,guide,pricing-packaging,,overview,overview.md,186
Define subscription pricing,https://docs.metronome.com/guides/pricing-packaging/subscription/define-subscription-pricing.md,,guide,pricing-packaging,subscription,define-subscription-pricing,define-subscription-pricing.md,187
Manage seats,https://docs.metronome.com/guides/pricing-packaging/subscription/manage-seats.md,,guide,pricing-packaging,subscription,manage-seats,manage-seats.md,188
Manage subscription lifecycle,https://docs.metronome.com/guides/pricing-packaging/subscription/manage-subscription-lifecycle.md,,guide,pricing-packaging,subscription,manage-subscription-lifecycle,manage-subscription-lifecycle.md,189
Provision your customer,https://docs.metronome.com/guides/pricing-packaging/subscription/provision-your-customer.md,,guide,pricing-packaging,subscription,provision-your-customer,provision-your-customer.md,190
Overview,https://docs.metronome.com/guides/pricing-packaging/subscription/subscription-overview.md,,guide,pricing-packaging,subscription,subscription-overview,subscription-overview.md,191
SQL cookbook,https://docs.metronome.com/guides/reporting-insights/data-export/cookbook.md,Common SQL queries and examples for analyzing your Metronome data warehouse exports,guide,reporting-insights,data-export,cookbook,cookbook.md,192
Database reference,https://docs.metronome.com/guides/reporting-insights/data-export/database-reference.md,,guide,reporting-insights,data-export,database-reference,database-reference.md,193
Overview,https://docs.metronome.com/guides/reporting-insights/data-export/overview.md,,guide,reporting-insights,data-export,overview,overview.md,194
ASC 606 revenue recognition guide for usage companies,https://docs.metronome.com/guides/reporting-insights/financial-reporting/asc-606-revenue-recognition.md,,guide,reporting-insights,financial-reporting,asc-606-revenue-recognition,asc-606-revenue-recognition.md,195
Reconcile data,https://docs.metronome.com/guides/reporting-insights/financial-reporting/reconcile-data.md,,guide,reporting-insights,financial-reporting,reconcile-data,reconcile-data.md,196
How revenue recognition works,https://docs.metronome.com/guides/reporting-insights/financial-reporting/revenue-recognition.md,,guide,reporting-insights,financial-reporting,revenue-recognition,revenue-recognition.md,197
Revenue recognition examples,https://docs.metronome.com/guides/reporting-insights/financial-reporting/revenue-recognition-examples.md,,guide,reporting-insights,financial-reporting,revenue-recognition-examples,revenue-recognition-examples.md,198
Get commit and usage analytics,https://docs.metronome.com/guides/reporting-insights/gtm-reporting/get-commit-and-usage-analytics.md,,guide,reporting-insights,gtm-reporting,get-commit-and-usage-analytics,get-commit-and-usage-analytics.md,199
Access in-app reports,https://docs.metronome.com/guides/reporting-insights/in-app-reporting.md,,guide,reporting-insights,,in-app-reporting,in-app-reporting.md,200
Invoice with other systems,https://docs.metronome.com/integrations/invoice-integrations/custom-invoice-integrations.md,,guide,invoice-integrations,,custom-invoice-integrations,custom-invoice-integrations.md,201
Integrate with NetSuite,https://docs.metronome.com/integrations/invoice-integrations/netsuite.md,,guide,invoice-integrations,,netsuite,netsuite.md,202
Invoice with Stripe,https://docs.metronome.com/integrations/invoice-integrations/stripe.md,,guide,invoice-integrations,,stripe,stripe.md,203
Invoice with AWS,https://docs.metronome.com/integrations/marketplace-integrations/aws.md,,guide,marketplace-integrations,,aws,aws.md,204
Invoice with Azure,https://docs.metronome.com/integrations/marketplace-integrations/azure.md,This guide describes how to enable Metronome to invoice on your behalf through the Azure Marketplace.,guide,marketplace-integrations,,azure,azure.md,205
Invoice with GCP,https://docs.metronome.com/integrations/marketplace-integrations/gcp.md,This guide describes how to enable Metronome to invoice on your behalf through GCP Marketplace.,guide,marketplace-integrations,,gcp,gcp.md,206
Send usage events from Segment,https://docs.metronome.com/integrations/platform-integrations/segment.md,,guide,platform-integrations,,segment,segment.md,207
Sync into Salesforce,https://docs.metronome.com/integrations/platform-integrations/sfdc-integration.md,,guide,platform-integrations,,sfdc-integration,sfdc-integration.md,208
Set up the Metronome Workato connector,https://docs.metronome.com/integrations/platform-integrations/workato-connector.md,,guide,platform-integrations,,workato-connector,workato-connector.md,209
Anrok,https://docs.metronome.com/integrations/tax-integrations/anrok.md,Learn how to configure Anrok as your tax provider with Metronome and Stripe invoicing.,guide,tax-integrations,,anrok,anrok.md,210
Avalara,https://docs.metronome.com/integrations/tax-integrations/avalara.md,Learn how to configure Avalara AvaTax as your tax provider with Metronome and Stripe invoicing.,guide,tax-integrations,,avalara,avalara.md,211
Stripe Tax,https://docs.metronome.com/integrations/tax-integrations/stripe-tax.md,Learn how to configure Stripe Tax with Metronome for automatic sales tax calculation on Stripe invoices.,guide,tax-integrations,,stripe-tax,stripe-tax.md,212
